entities,label
orion pharma operating profit increase,2
return investment compare negative,2
profitability ebit compare previous year period,2
adp news oct finnish food company raisio oyj omx raivv today net profit jump eur million usd month eur million period,2
stock trade map day map sek high day map sek bullish indicator,2
operate profit kauppalehti group rise eur eur marketplace eur eur quarter,2
ebit exclude non recur item total eur eur,2
operating profit net sale month period increase respectively eur eur compare corresponding period,2
ruukki forecast annual sale growth positive pretax result,2
export grow percent million liter,2
fair value company investment property grow eur billion end march eur million year ago,2
company marketing sale investment initiate efficient,2
circulation revenue increase finland sweden,2
policy aim company profitable competitive,2
transaction real sappi sign long term agreement supply pulp bctmp small service supply,2
pretax profit group life insurance business increase eur million eur million,2
price raw material aluminium end company consider outlook favourable,2
skf april alandsbanken buy recommendation swedish industrial company skf sto skf share price target sek,2
dilute earning share eps rise eur versus eur,2
operating loss eur compare loss eur second quarter,2
september finnish stationery gift retailer tiimari hel tii today net sale rise year year eur august drive growth finland demand baltic remain weak,2
eps outlook increase pct pct,2
lithuanian beer maker sell million liter beer rise cent year early figure million liter,2
net sale surge eur million,2
vaahto pulp paper finnish vaahto group award order renovate finnish swedish forest industry company stora enso paperboard machine ingerois board mill finland,2
progress group qpr representative saudi arabia north africa sign framework agreement long term strategic relationship ise,2
scania morgan stanley lift share target swedish heavy duty truck bus maker scania crown euro crown euro,2
quarterly dilute continue operation come eur compare year eur,2
finnish liquid handling product diagnostic test system maker biohit oyj hel biobv today net loss narrow eur usd quarter eur period,2
market share rise percent percent year early,2
profit taxis eur eur year early,2
stora enso quarter pre tax profit double eur,2
london afx share rautaruukki corp upgrade hold sell abn amro price target raise eur dealer,2
upm kymmene upgrade line underperform goldman sach,2
company operate profit eur versus operating loss eur turn eps eur versus loss share eur,2
plan estimate generate eur million usd cost saving annual basis,2
demand sport equipment good,2
pretax profit rise eur eur corresponding period,2
sport equipment sale progress owe prolonged winter season,2
operating profit rise eur eur corresponding period,2
customer satisfied basware invoice automation solution extend implementation new geography,2
basware ceo ilkka sihvo comment conjunction interim report basware succeed second quarter,2
operate income rise eur eur,2
tele affarsvarlden buy recommendation mobile operator tele share price target crown euro,2
soapstone deposit medvezhyegorsk area expect increase tulikivi current reserve considerably,2
january traffic measure revenue passenger kilometre rpk capacity measure available seat kilometre ask rise,2
finnish high technology provider vaahto group report net sale eur accounting period september february increase year early,2
company operate income ebit total eur eur year year,2
foundry division report sale increase eur eur corresponding period sale machine shop division increase eur eur corresponding period,2
department store division report increase sale cent,2
sale volume food industry expect remain relatively good level finland scandinavia atria,2
company expect net sale significantly increase,2
fourth quarter orion net profit year year eur,2
month company net loss narrow eur eur million corresponding period,2
group strong global position fishing category,2
production capacity increase tonne year raw material continue recycle paper board,2
operate profit total eur eur,2
original componenta subsidiary finnish componenta group change component company growth comparison,2
china base operation enable fully leverage resource expertise wireless solution strengthen capability offer industry lead product customer china,2
finnish oko bank sign cooperation agreement raiffeisen concern finnish company investment russia,2
year sysopen digia invest ibm product know building portal trading place system successfully implement customer solution support,2
earning share eps eur loss eur,2
revenue grow percent million million million,2
net interest income increase eur eur,2
finnish rautaruukki award contract supply install steel superstructure partihallsf ârbindelsen bridge gothenburg sweden,2
profit share eur eur,2
end review period nordic aluminium order book stand eur compare eur,2
operate profit total eur slightly eur corresponding period,2
digia consolidated net sale january june eur period eur,2
increase estimate sale million year,2
finnish cargotec kalmar receive significant order department defense,2
diluted loss share narrow eur eur,2
growth net sale continue favourably middle east africaand asia pacific,2
finnish office supply computer accessory dealer beltton group plc net profit rise mln euro mln mln euro mln,2
olvi expect sale market share increase quarter,2
turnover rise eur eur,2
finnish silicon wafer technology company okmetic oyj omx helsinki okm report thursday october operating profit eur january september eur corresponding period,2
elisa mobile subscription grow percent mainly customer adopt generation mobile technology,2
bank potential getinge share rise,2
uponor operating profit eur eur record year,2
finlan list food industry company hkscan group control company baltic improve revenue eur eur eur year,2
moderate significant change result significant reduction estimate cvd risk,2
finnish kci konecrane raise net sale growth estimate,2
chain post sale million euro rise percent year year,2
location mall convenient place shop consumer large residential area nearby jaroszowka wysockiego zgody,2
accord vike line manage director nils erik eklund company board director satisfied vike line performance,2
april finnish forest machinery equipment maker ponsse oyj hel pon today expect swing net profit eur quarter eur loss year early,2
operating profit rise eur eur corresponding period,2
nordea return positive growth baltic country,2
fiskar year old global business know orange handle scissor expect derive synergy eur million year consolidate certain houseware division compete,2
eps continue operation come eur,2
january ephc board director approve increase quarterly dividend share,2
operate profit month period increase eur revenue increase eur compare corresponding period,2
operating profit rise mln eur mln,2
result company currently anticipate net sale increase operating result positive,2
earning share quarter come eur eur quarter year early,2
combine deep domain expertise application service management asm outsourcing service offering prove win combination,2
rationalization operation seek achieve eur million yearly saving second quarter current financial year,2
narrow eur october finnish software hardware developer elektrobit oyj hel ebg today net loss narrow eur month eur period year ago,2
sale improve sek compare sek,2
month company net profit rise eur eur corresponding period,2
helsinki base company salomon atomic suunto brand net profit rise percent month dec million million million year early,2
company expect net sale increase,2
profit period total eur eur corresponding period,2
deal likely bring saving eur,2
adp news feb finnish management software solution provider ixono oyj hel xns today net profit rise eur million usd eur million,2
consolidated net sale increase reach eur operating profit eur compare loss eur prior year period,2
operate profit improve eur eur,2
reporting period net sale rise year year eur business acquisition realize half effect eur review period,2
section regional news demand finnair asian traffic measure passenger kilometer august compare year,2
line stone sale good early autumn order book strong end year,2
operate profit improve eur eur,2
operating result include non recur item rise eur loss eur,2
basware corporation stock exchange release august basware sign large deal international industrial group basware deliver invoice automation solution connectivity service international industrial group,2
extremely delighted project continuation cooperation vike line,2
adp news feb finnish computer service company proha oyj hel art today net loss narrow eur usd eur million,2
operating profit net sale month period increase respectively eur eur compare corresponding period,2
quarter net sale increase eur operating profit eur,2
operate profit sale month period increase respectively eur eur compare corresponding period,2
productional situation improve,2
bring cost saving eur year,2
finnish silicon wafer technology company okmetic oyj omx helsinki okm report thursday august operating profit eur period january june eur corresponding period,2
bilfinger investor cheer agreement push share euro euro afternoon trade,2
profit period eur eur,2
new factory working model reorganisation decrease nokian tyre cost factory eur million usd,2
operating profit net sale month period increase respectively eur eur compare corresponding period,2
operating profit rise eur million,2
olvi control percent stake ragutis coq annual report publish early year lithuanian brewery sale reach million euro year rise percent million euro,2
fair value investment property total eur eur,2
adp news feb finnish fishing tackle company rapala vmc corp hel rap today net profit rise eur million usd eur million,2
mika stahlberg secure lab excited proud secure recognize comparative product year,2
finnish metal industry solution supplier outotec oyj net profit rise mln euro mln month mln euro mln period,2
revenue time grow percent million euro,2
second quarter group pretax loss narrow eur eur,2
cargo volume increase approximately,2
earning share quarter high year year eur versus market expectation eur,2
sale result gain eur million second quarter oriola support finnish company strategy focus pharmaceutical wholesale retail operation,2
vacon cash flow operation grow eur eur year ago,2
ebit exclude non recur item estimate increase,2
operating profit rise eur eur,2
combine producer create strong base fertilizer industry capable meet global competition add,2
operate profit increase eur eur,2
operating profit rise eur eur year early,2
operating profit eur loss eur year early,2
operate profit margin increase,2
company estimate net sale increase considerably operate result clearly positive,2
company turn earning share eps eur versus loss share eur,2
cost cutting measure produce eur saving past month dampen airline loss finnair,2
broker outperform recommendation stock,2
kone net sale rise year year month,2
finnish software developer solution oyj net profit increase mln euro mln mln euro mln,2
marimekko group year net sale estimate increase,2
satama net sale high year,2
year net sale expect increase approximately company,2
finnish bore rettig family grow recently acquisition small shipping company,2
finnish construction group lemminkainen oyj hel lem today win contract provide technical service nevsky centre shopping mall open november petersburg russia,2
bank àland net interest income increase eur eur,2
outotec win new order worth mln eur quarter compare mln eur year early,2
operating profit rise eur eur corresponding period,2
megafon subscriber base increase million user december market share number customer late late accord teliasonera estimate,2
end march group order book eur corresponding period,2
second quarter raute net loss narrow eur eur million period,2
finnish sampo bank danish danske bank group report profit taxis eur eur,2
operate profit improve eur,2
biohit estimate total net sale continue grow favourable trend net sale lead profit,2
share nokia corp rise thursday cell phone maker quarter earning double share global handset market increase,2
equity ratio compare quarter net sale frozen food business total eur quarter,2
india trade russia currently stand billion dollar grow cent fiscal,2
passenger volume rise accounting period,2
revenue july september grow percent euro billion finnish company thursday,2
helsinki afx outokumpu technology unit win mln eur contract bosnia herzegovina aluminij mostar upgrade anode plant,2
december finnish german telecom equipment maker nokia siemens network today win contract upgrade radio network home base telecommunication company elisa oyj hel eli,2
finnish airline finnair win deal public sector official airline flight london heathrow osaka japan flight manchester helsinki finland,2
finnish pharmaceutical company orion report profit taxis eur quarter eur corresponding period,2
finnish cutlery hand tool maker fiskar oyj abp hel fisas today net profit rise eur million usd quarter eur million year early,2
financial report publish friday seb net profit soar sek year early sek propose dividend increase sek share,2
finnish swedish tietoenator expand business quickly russia,2
operate profit total eur loss eur fourth quarter,2
financial impact estimate annual improvement eur division result fiscal year,2
operating profit rise eur eur corresponding period,2
restructuring create efficient organization increase operational focus stable profitability lead efficient production annvik head specialty stainless,2
net income life insurance rise eur eur net income non life insurance eur eur,2
ruukki order book end year year quarter quarter,2
measure expect produce annual cost saving eur million start,2
earning share eps rise eur eur,2
comparable operating profit total eur eur,2
october finnish wood product technology supplier raute oyj hel rutav today swing net profit eur month versus net loss eur period year early,2
company garden tool scissor consumer good earning boost mln eur income receive pct shareholding finnish engineering group wartsila,2
january september fiskar net profit year year eur million net sale eur million eur million,2
loss quarter eur small loss second quarter,2
brewery record percent growth domestic beer sale year million liter million liter sell,2
raute win order worth mln eur supply plywood production line mill operate russian wood product company sveza group,2
quarter good quarter net sale operate margin rise,2
operate profit improve eur,2
separate business able fast expand develop tapro retail network,2
aim annual improvement ruukki construction operating profit eur million usd start,2
revenue july september grow percent euro million year early company thursday,2
finland lead metal group outokumpu fourth quarter net profit triple strong global demand stainless steel soar base metal price proceed sale technology unit,2
advertising circulation revenue grow respectively,2
adp news feb finnish print circuit board pcb maker aspocomp group oyj hel acg today swing net profit eur usd versus net loss eur million,2
nokia pct eur kick morning negative territory,2
suominen corporation estimate cost cutting program start autumn high sale price expect growth volume wet wipe company operation profitable,2
manavigator september kemira unveil indian ivrcl finnish chemical group kemira hel kra tuesday announce ink deal form joint venture india local construction firm ivrcl infrastructure project ltd bom,2
svytury utenos alus control nordic group baltic beverage hold bbh post cent growth beer sale january million litre,2
turn earning share eps eur versus loss share eur,2
net sale increase eur april june eur year early,2
significant milestone benefon help secure critical usp personal navigation product roadmap comment simon button chief technology officer benefon,2
january september finnlines net sale rise eur eur corresponding period,2
ruukki delivery volume sell price favourable development company comparable net sale grow year year eur ceo sakari tamminen,2
cision sale return operation profitability,2
net sale revenue passenger expect increase,2
net sale increase eur eur pretax profit rise eur eur usd,2
operate profit turnover month period increase respectively eur eur compare corresponding period year ago,2
sweden operating profit period review total eur corresponding period,2
share standard chartered stan rise ftse royal bank scotland rbs share rise barclay share barc bcs,2
key shareholder finnish service provider tietoenator oyj friday reject hostile eur billion billion offer buyout shop nordic capital new life possible counter offer blackstone group norwegian telecom telenor asa,2
london lead share today jump point market open,2
operating profit net sale month period increase respectively eur eur compare financial year,2
strengthen ruukki offshore business,2
delighted morna cowie owner double size current shop lovely feel,2
passenger relate revenue rise eur eur,2
reporting period company operating profit grow eur million,2
net sale vegetable oil business rise eur eur,2
eps quarter come eur eur year ago ahead forecast eur,2
july finnish steel maker rautaruukki oyj hel rtrk ruukki today turn net profit eur second quarter net loss eur corresponding period year,2
dilute earning share eps rise eur eur,2
long unprofitable period food division post profitable result speak healthy cost structure new approach business operation rihko,2
company paper demand increase main market include publication paper increase average paper price percent compare year,2
addition cramo peab sign exclusive year rental agreement finland extend exist rental agreement swedish market year,2
profit period eur compare eur,2
finnish bank àland report operating profit rise eur second quarter eur corresponding period,2
finnish financial group aktia operating profit increase eur eur,2
year company raise turnover approximately million lita eur mln million lita,2
global sport equipment maker amer sport corp brand include atomic salomon wilson percent increase quarter net profit euro million million strong sale cost cut,2
growth net sale half compare half,2
net interest income eur eur,2
end number outlet rise,2
finnish electrical component maker salcomp hel sal today turn net profit eur quarter versus loss eur corresponding period year,2
robust growth result inclusion clothing chain lindex group december,2
finnish lifting equipment maker konecrane oyj july net profit rise mln euro mln half mln euro mln period,2
pretax profit rise eur eur corresponding period,2
net sale rise year year eur number charger deliver million piece,2
tiimari latvian representative ineta zaharova company earn lvl profit time,2
lithuania operating profit rise eur eur corresponding period,2
sale rise export market,2
finnish flexible packaging manufacturer suominen corporation report net sale eur quarter compare eur year early,2
fiskar brand report net sale eur eur,2
pretax profit rise eur eur,2
ramirent net sale second quarterended june euro million million percent increase compare euro million thesecond quarter year,2
eur finnish textile clothing design company marimekko oyj hel mmo today net profit rise eur quarter eur corresponding period year early,2
operating profit rise eur eur corresponding period,2
revenue grow percent euro million million euro million,2
brokerage true turning point european steel base price pricing carry second quarter,2
finland base elcoteq privately hold provider electronic manufacturing service communication company thursday sign long term manufacture supply deal communication equipment company andrew corp,2
adjust change group structure division net sale increase,2
dilute eps rise eur eur,2
month talvivaara net loss narrow eur million eur million period,2
finnish consultancy satama interactive oyj post net profit mln euro mln month compare net loss euro period,2
pre tax loss total eur compare loss eur quarter,2
order intake grow year year year year respectively eur million eur billion respective january september july september period,2
raute post net profit mln euro mln quarter compare net loss euro corresponding period,2
return equity stand compare quarter,2
cost saving rise mln eur year oko,2
proportion pay standing order grow,2
disposal autotank strengthen aspo capital structure comment gustav nyberg ceo aspo,2
recommendable nokian accord adac judgement late summer tyre test german automobile association adac,2
kesko car import retailing business auto sale grow pct,2
net sale total eur eur corresponding period,2
september finnish waste management recycle company lassila tikanoja expand operation russia introduce recently complete recycling plant city dubna near moscow,2
operating profit rise eur eur corresponding period represent net sale,2
commission income rise eur eur,2
economic occupancy rate sponda property portfolio rise,2
operating profit net sale month period increase respectively compare corresponding period,2
finnish metso paper award contract rebuild sabah forest industry sfi pulp mill sabah malaysia,2
investor continue interested company share cheap affarsvarlden,2
stock rise second day wednesday bring day rise gbx,2
ebit margin,2
agreement strengthen long term partnership nokia siemens network,2
merrill lynch analyst campbell morgan upgrade recommendation paperlinx neutral buy,2
company aim annual saving eur main expect realize year,2
company net profit rise year million euro sale million euro year company early,2
rautaruukki construction group yit award mln eur contract supply steel structure new bridge span kemijoki river northern finland,2
australian company mirabela nickel award outokumpu technology contract grind technology nickel sulfide project bahia state brazil,2
operating profit eur eur,2
london marketwatch nokia nok win year service contract run hutchison essar network operation location india,2
efore result quarter fast improvement company manage source component,2
sale return growth april june ceo pekka eloholma,2
russian export duty activate harvesting finland sale russia increase,2
fair value property portfolio double result kapiteeli acquisition total eur million,2
satama net profit quarter rise euro euro period,2
cash flow operation rise eur eur,2
finnish energy company fortum oyj november grant environmental permit build biofuel fire combine heat power chp plant vartan harbor eastern stockholm,2
method cut working cost fasten planning building process,2
unit cost flight operation fall percent,2
finnish pulp paper machinery maker vaahto group oyj swing mln euro mln net profit fiscal end august euro net loss fiscal,2
succeed increase market share sell apartment comment kari kauniskangas head yit international construction service,2
dilute earning share eps rise eur eur,2
january finnish metal product company componenta oyj hel cth yesterday net loss narrow eur quarter eur period year early,2
neste oil board propose eur dividend year compare eur year ago,2
company net profit,2
performance second half exceed expectation,2
january finnish solution provider affecto oyj hel afe today win eur usd contract state lithuanian social insurance institution sodra,2
acquisition considerably increase kemira sale market position russian metal industry coating market,2
vacon control company investment fund power fund eur usd,1
tikkurila powder coating employee paint plant generate revenue eur usd,1
sanoma learn literature offer print digital learning material present country,1
rapala aim distribution unit ragot loudeac bretagne distribution unit waterqueen fishing line supplier tortue saint marcel central france morvillar,1
glaston glass processing unit tamglass glass processing manufacturer high quality safety glass product operate finland,1
financial detail reveal,1
spokesperson tell wwd expect mix clothing home decor,1
operative finland sweden latvia russia norway,1
serve customer locally cornerstone customer focus,1
business area operation finland sweden denmark estonia latvia lithuania,1
london afx european broker recommendation issue today collate afx news range market source,1
divested activity net sale eur million operate profit eur million,1
sink depth metre fix mud vacuum,1
veidekke headquarter oslo norway scandinavian construction property development group employee norway sweden denmark annual turnover nok,1
construction expect complete summer,1
total surveillance camera handle manage accord variety need company,1
divested company tietoenator business area government manufacturing retail,1
board establish remuneration committee follow member sari baldauf chairman tapio hintikka heikki westerlund addition board decide appoint nomination committee later stage,1
change build model design communicate subcontractor accommodate steel grc fabrication process,1
estimate value deal usd million,1
retail chain suoman ñhikauppa index airline sas teliasonera broadband german retail chain lidl tele finland mobile subscription tallink shipping line power company helsinki energy,1
transaction plan finance eur market base loan grant standard chartered bank hong kong,1
tekla group net sale approximately million euro operate result million euro,1
adjustment concern staff specialty paper fiber composite segment,1
value order eur,1
okhta center area expect square metre office premise,1
asset management expert manage asset worth eur billion,1
china unicom nyse chu hkse shse second large mobile carrier country,1
recent technology delivery include refinery technology anrak aluminium iron ore pelletize plant tata steel iron ore sinter plant bhushan steel,1
contract cover manufacture surface treatment installation steel structure,1
marubeni group focus create value chain upstream downstream encompass wide variety business field include oil gas metal mineral resource food pulp paper chemical,1
raisio site main production plant company headquarters,1
relate link flexiblebaseloadoperation thewartsila generate set gasconversion short version press release,1
order worth eur,1
transaction tikkurila powder coating relate operation,1
company palm oil altogether,1
finnish publishing printing group ilkka yhtym introduce staff smoking ban beginning company newspaper,1
skogster currently serve manager responsible abb system module low voltage drive,1
operate distinct brand united supermarkets market street united supermercado,1
accordance term condition alma medium option program share subscription price option right eur share book countervalue eur share,1
headquarter city company nearly year old focus science base innovation technology environmental measurement,1
situation control,1
tekla organize information meeting analyst medium wtc helsinki marski meeting room aleksanterinkatu day light lunch serve,1
equipment vaahto plant hollola finland delivery schedule quarter,1
cargotec business area include container handling solution business area kalmar marine cargo handling offshore load handle solution business area macgregor,1
provide heating form hot water sawmill need,1
offering cover localisation service relate production transfer finnish company customer production asian market decision transfer production,1
company publish financial statement february,1
value multi year agreement eur year,1
responsible operation customer relationship development,1
use control speed electric motor use industry municipal engineering power generation use renewable energy,1
passenger tunnel expect operation,1
combine value order eur,1
contract value eur company add,1
include software development internet mobile telephone content communication value add software financial service security application system integration electronic ebrd inform,1
total subscription price record fund invest non restrict equity,1
delivery schedule summer autumn,1
combined company pro forma net sale mln euro mln operate profit mln euro mln,1
expect complete end,1
transaction tikkurila powder coating relate operation company,1
digia set subsidiary digia norway digia usa inc,1
finnish stockmann group mail order unit hobby hall launch trial marketing campaign russia,1
inventor ridge justin bao yiliang karczewicz marta,1
huhtamaki rigid plastic consumer good operation mainly europe separate new reporting segment january,1
group business sector build construction infrastructure construction technical building service building product,1
yvonne jones owner chameleon interior,1
decision sale issue exist treasury share global,1
agreement approve russian competition authority enter force,1
copyright afx news afx financial news logo register trademark afx news limit,1
change holding accordance chapter section finnish security market act describe,1
huge bridge girder deliver site plant ylivieska finland,1
reduction conclude autumn,1
capman investment area capman buyout capman technology capman life science capman real estate dedicated team,1
currently operate fleet carrier pusher barge,1
ruokatalo produce turkey product cold cut,1
process technology project management basic engineering quality assurance forest industry consolidate vantaa southern finland,1
dopplr dopplr service smart traveller,1
november finnish paint coating company tikkurila oyj hel tik today finnish state investment company solidium sell stake company total eur,1
tampere science park finnish company lease build office property specialise facility technology orient business,1
jon risfelt year old hold master science chemical engineering swedish royal institute technology,1
currency conversion base exchange rate time deal,1
new sepa cad replace finnish bank card,1
trading new share right dividend distribution fund start exchange helsinki tomorrow,1
electronic version require hour copy customize client digital control custom watermark,1
total donation eur,1
kesko previously publish stock exchange release concern deal february,1
writing publication lemmink ñinen history continuation early collaboration antti tuuri company,1
alma medium hold company remain share company key employee,1
solteq service company operate petersburg area include maintenance material management system datum collection solution,1
nordstjernan use option buy stake salcomp share vote,1
company distribute dividend,1
share subscription period expire september,1
gross area house,1
incap headquarter oulu finland electronics contract manufacturer employee finland estonia india,1
time investment fully lease tenant,1
room modify share component indicate,1
cargotec sale total eur billion employ approximately people,1
company release result february,1
transaction expect complete spring,1
tecnoman headquarter espoo finland develop message charge solution telecomms operator service provider worldwide,1
helsinki october ssh communications security corp board director information contact tomi laamanen chairman tel distribution nasdaq omx helsinki ltd,1
dinner conference program view live audio webcast internet page www citycon com,1
transaction agreement metsaliitto purchase metsa botnia share upm real,1
company evaluate report include aladdin secure kaspersky marshal mcafee microsoft panda proofpoint sophos symantec trend micro tumblewee websense,1
kemira headquarter helsinki finland international chemical group comprise business area kemira pulp paper kemira water kemira specialty kemira coating,1
report year result august,1
meeting glisten shareholder vote bid hold march,1
building house example respecta jyvaskyla premise company announce later samuel koivisto director technopoli operation jyvaskyla,1
cash flow operate activity investment eur million eur million,1
comptel corporation publish financial statement february,1
look vintage fabric cushion cover coffee pot ceramic serve dish cocktail glass stainless steel party dish,1
party agree disclose transaction value,1
market datum analytic derive primary secondary research,1
glaston glass processing unit tamglass glass processing manufacturer high quality safety glass product operate finland,1
company involve sale financial product include insurance mortgage car personal loan financial brokerage equipment finance leasing,1
annual general meeting approve yearly remuneration member board director shall remain eur chairman board eur deputy chairman board eur member board,1
union company official return yesterday,1
rfid radio frequency identification method intelligent transport information read save remotely,1
presentation material view company website english conference,1
address location provide local controller preferably wireless transmission use address location access appliance control module,1
eet alma medium annual report schedule publish calendar week,1
price category preferred operator network operator network,1
today business pre empt consumer want mohammed zainalabedin general manager zain bahrain,1
total investment project approximately eur,1
think,1
cablevision systems corp cvc madison square garden division operate new york knickerbockers basketball team madison square garden arena new york ranger hockey team new york liberty woman basketball team hartford wolf pack hockey team,1
ethanol barley production start,1
merger upm finnish swedish stora enso likely,1
sdm offer general rental equipment aluminium scaffold power generator hoist customer construction sector,1
order cover design service hardware software licence maintenance service year,1
share subscription period stock option april march,1
outotec scope delivery include design basic engineering supply proprietary equipment sinter plant grate area square meter,1
alfa megafon altimo turkcell stake cukurova hold,1
manufacture cpp undertake exist export orient unit eou wartsila factory khopoli near mumbai,1
august sampo stake nordea,1
aldata solution oyj bertrand sciard president ceo information aldata solution oyj bertrand sciard president ceo tel aldata retail wholesale aldata business dedicate retail wholesale business improvement,1
adpnew dec norwegian financial service group sparebank gruppen osl sbgrp board director appoint today jarle haug manage director claim collection subsidiary sparebank gruppen finan,1
erkki jarvinen president rautakirja head sanoma trade division leave current task spring similar position outside sanoma group,1
finnline ship construction china delivery schedule quarter final quarter,1
special event county month host library system branch librarie,1
combine net sale million ebitda million,1
yit corporation sept corporate release stock exchange release yit capital market day london sept wednesday september yit hold capital market day investor analyst london,1
company net sale acquire finland european country asia,1
company teleste video broadband solution business area,1
eqt complete exit salcomp finnish company mobile phone charger sell remain stake swedish investment group nordstjernan euro million million,1
license agreement nokia corp expire april,1
scandinavian company present petersburg swedish concern ncc implement project field asphalt production road housing construction project swedish krona,1
increase number share base option right grant management company stock option plan,1
customer wide range industry use stainless steel service worldwide,1
base helsinki finland ramirent branch nordic central eastern european country,1
metsa botnia finance payment dividend repayment capital repurchase share fund derive divestment uruguay operation share pohjolan voima utilise exist financing facility,1
investment management investment advisory service company sole line business,1
bertrand sciard vice chairman board director aldata solution april,1
point village design scott tallon walker include shopping center office premise hotel cinema,1
kemira record revenue approximately eur billion staff,1
issuer solely responsible content announcement,1
acquire plant annual capacity tonne production sell domestic customer,1
carry transfer hkscan production relate property plant equipment holding subsidiary associate company country hkscan finland,1
currently quarterly apply surcharge differ significantly actual market price,1
sell information system development business finn,1
group profit taxis eur million,1
ebrd use fund provide million loan portion million euro syndicate finnish commercial bank nordea bank finland plc pohjola bank plc,1
contract include design construction delivery equipment installation commission,1
development world class magnetite deposit karara know potential million metric ton annual processing magnetite estimate year life,1
finland technopolis plan bring section technopark stream petersburg end kari mikkonen vice president technopolis tell reporter helsinki,1
accord finnish russian chamber commerce major construction company finland operate russia,1
aim ceo session clarity information public early,1
expand plant schedule operational middle october,1
solution instal usa support north american operation customer,1
tulikivi manufacture heat retain soapstone ceramic fireplace natural stone product utility ceramic,1
international conference audio webcast concern financial result january march begin eet,1
organization assume responsibility operation russia,1
notice entirety proposal nomination committee board publish week april company website post och inrike tidningar dagen industri,1
development technological park specialize telecommunications information technology state program formation technopark tech sector russia,1
schwalm outotec com eila paatela vice president corporate communication tel mobile mail eila,1
business area net sale slightly,1
division include joint sale marketing controlling function unit,1
seller finnish elcoteq group large european electronic manufacturing service company,1
firm headquarter vantaa southern finland employee,1
purchase sum eur,1
product manufacture finland pack country,1
bavaria industriekapital revenue eur million ebitda eur million,1
july market cap segment update accord average price,1
fiskar engage global supply marine energy equipment solution service associated company wartsila corporation,1
release offer security sale united states,1
agreement expire early month,1
total scope project square metre value total eur,1
quarter net sale total eur operate profit eur,1
ongoing project tekla structure use vashi exhibition centre develop insteel engineer pvt ltd iivrcl infrastructure project ltd cidco,1
order comprise ball mill organize different stream treat ore pilanesberg platinum,1
sale price disclose,1
addition kazakh delegation visit finland sitra investment fund honkarakenne ltd nokia headquarters study teliasonera ltd jsc activity,1
employee remain oulu plant support function group unit,1
simultaneously responsibility area extend legal affair cover merger acquisition,1
kone list nordic exchange helsinki,1
significant capital expenditure item global enterprise resource planning erp project product development production machine,1
completion sale proha usd stake artemis,1
fix acquisition price nok approximately eur million additional price nok eur million maximum,1
enp newswire march release date total talvivaara mining company plc new share subscribe period january february company stock option right,1
firm service include copy print cad model digital printing scan sokopro project bank courier service,1
cramo plc service company specialise construction machinery equipment rental rental relate service rental sale modular space,1
port facility throughput teus mln ton general cargo,1
new unit build cargotec state art manufacturing facility san antonio texas usa start operation,1
project expect complete,1
prothious engineering www prothious com employ large portfolio project annual detailing capacity tonne,1
tank deliver company currently build chemical tank farm antwerp northern belgium,1
mill raw material need increase wood,1
alternative share exchange panostaja offer cash consideration value euro share,1
industry come interesting fork road handset manufacturer wireless carrier attempt serve portal web base service wireless handset write,1
study expect start,1
oulu plant employ approximately people,1
law issue introduce,1
suomen paikallissanomat alma media group currently publish local newspaper finland,1
payment share shall effect subscription,1
key geographical market europe russian federation middle east south africa japan,1
investment eur,1
aspo group structure business operation continually develop predefine schedule,1
acquisition price disclose,1
met locate central business district cbd bangkok,1
chill meat product category lead meat fish poultry market finland account share,1
sanoma buyer target,1
reng group post sale approximately million kroon,1
company exit contract manufacturing service segment,1
currently glaston employ approximately person,1
copy republication redistribution afx news content include framing similar mean expressly prohibit prior write consent afx news,1
coker crane supply tesoro corporation golden eagle refinery martinez california similar crane deliver castell refinery spain,1
split company serie share series share,1
outotec scope delivery cover engineering supply special equipment service calcination plant circulate fluid bed calciner,1
report email business day order,1
delivery expect place later month,1
water treatment product australia today global research datum service publish market analysis market chemical water treatment product australia,1
ñnnen tehtaat food division reorganise strategic business unit apetit frozen food jam apetit fish,1
professional consumer application include personal navigation personal safety field workflow management asset tracking,1
casing comprise casing member provide vat segment second casing member provide second vat segment casing member pivotable rotation axis,1
kesko store engage chain operation nordic baltic country russia belarus,1
patrick jeambar continue responsible innovation health safety environment hsea function ahlstrom corporation,1
prior transaction financial term disclose alma medium kotikokki net,1
business sector build construction infrastructure construction technical building service,1
insurance policy simple,1
ahlstrom employee serve customer sale office production facility country continent,1
company offer payroll service include payroll processing payroll tax administration employee pay service include direct deposit check signing readychex,1
cencorp focus development manufacture marketing standard product production automation,1
group pay eur transaction price closing remain sum,1
market value crane usd report finnish news agency stt,1
donation grant aalto university university helsinki tampere turku eastern finland jyv ñskyl oulu vaasa polytechnic announce later,1
cvs propose member available view march onwards internet www sampo com,1
phone target time user growth market,1
pertti ervi independent company major shareholder,1
group intend relocate warehouse office space loudeac saint marcel morvillar east country operate hook manufacturing distribution unit,1
bank leasing arm nordea liising end year profit million euro,1
product advisory apply nokia brand battery company,1
total value project value sek eur usd,1
financial statement release available publish company internet page www cargotec com,1
affecto participate program development norwegian pension system,1
bank examine benefit transfer swedish business operate branch office operation govern finland law,1
operation sell include manufacture unit finland france poland turkey sale unit germany lithuania,1
company expect net sale eur,1
order include new crecent headbox reel,1
company suppose deliver machinery veneer mill tomsk region russia,1
construction work helsinki music centre start autumn total cost project estimate million euro,1
currently company use similar reach stacker container handler konecrane,1
come aspo chemical aspo shipping aspo system,1
contract include installation work new multistorey carpark close vehicle,1
tyrv ñinen opinion airline repeat time,1
lemminkainen group headquarter helsinki finland operate sector construction industry civil engineering building contract technical building service building material industry,1
medium term operative target company remain unchanged,1
print fabric related design expertise core marimekko business brand,1
company reiterate outlook,1
company expect meat purchase remain kilo,1
end march company loan eur,1
depend market situation project sell year completion,1
rihko start manage raisio benecol business summer head tobacco company altadis european operation,1
janis arbidans ceo yit celtnieciba company focus housing real estate development market,1
power generate annually loviisa cover finland electricity consumption,1
lie succeed walter nter base finland,1
image datum produce browser phone server convert bitmapped image send handset display,1
report capman plc ceo heikki westerlund,1
change announce today effective close trading friday june,1
finnish consultancy satama interactive oyj november jarmo lonnfor position ceo,1
ssh communications security corporation headquarter helsinki finland,1
unit price straddle carrier vary eur eur company add,1
basware headquarter espoo finland,1
net sale healthcare trade business eur million eur million operating profit eur million eur million,1
company annual turnover eur,1
mercator use software logistic retail wholesale operation slovenia market southeastern europe,1
transaction subject final agreement party approval decision body approval finnish competition authority,1
fancy dan fab glasgow gift interior store fancy dans,1
addition mid online enable internet browse,1
capman deal effect cash flow total eur transaction affect financial result execute fair value,1
mobile communication wireless broadband provider nokia inc nyse nok today set new financial target forecast nokia mobile device industry nokia siemens network mobile fix infrastructure related service market,1
maximum capital loan eur minimum subscription eur,1
ruukki delivery include steel structure include installation krakeroy bascule bridge steel pile bridge foundation,1
bedroom cool makeover summer,1
scanfil plc global contract manufacturer system supplier communication industrial electronic,1
new delhi july sahlberg teppo kallio timo mustonen tuoma real oyj espoo finland develop novel marking method produce,1
group balance sheet eur million goodwill company add,1
group reiterate forecast handset manufacturer sell mln unit year globally,1
letter economic affair minister list estonian shipping company tallink ask approval entitle cut port fee,1
wear black beanie type cap black jacket,1
simmon elect dcuc chairman portsmouth gordon simmons ceo service credit union elect chairman defense credit union council term,1
firm build component mobile phone communication product,1
catalyst segment include refinery catalyst polyolefin catalyst product category,1
group operate fleet dwt container capacity teus manage diversified fleet railway roll stock unit,1
jan ford struggle face slow truck suv sale surfeit date car,0
pharmaceuticals group orion corp report fall quarter earning hit large expenditure marketing,0
growth margin slow financial crisis,0
february finland base steel maker rautaruukki oyj hel rtrk ruukki today slip large expect pretax loss eur fourth quarter year early profit eur,0
adpnew feb finland base steel maker rautaruukki oyj hel rtrk ruukki today slip large expect pretax loss eur million usd fourth quarter,0
result taxis decrease nearly eur compare nearly eur previous accounting period,0
company slip operating loss eur million profit eur million,0
april finnish construction engineering company outotec oyj hel ote today slip net loss eur quarter net profit eur corresponding period year,0
cramo slip pretax loss eur million pretax profit eur million,0
finnish solution provider affecto oyj hel afe today slip net loss eur usd second quarter profit eur corresponding period year early,0
comptel slip net loss eur profit eur previous year,0
profit taxis eur eur,0
adpnews feb finnish real estate investor sponda oyj hel sda today slip net loss eur million usd profit eur million,0
adpnews jul finland base steel maker rautaruukki oyj ruukki hel rtrks today slip net loss eur million usd half net profit eur,0
profit taxis eur eur year ago,0
profit taxis decrease eur month compare eur year early,0
profit taxis decrease eur eur year,0
profit taxis eur eur,0
company profit taxis fall eur quarter compare eur corresponding period,0
august finnish measure equipment maker vaisala oyj hel vaias today net loss widen eur half eur corresponding period year early,0
finnish power supply solution system provider efore oyj net loss widen mln euro mln quarter fiscal end october euro mln period fiscal,0
adp news apr finnish business information system developer solteq oyj hel stq today net loss widen eur usd quarter eur peri,0
salonen add datum producer pulp inventory north america decline,0
elcoteq group recently announce month previous year bring major loss half billion kroon eur mln fifth quarter run,0
cash flow operation recent quarter reach year low,0
growth rate pay national debt extremely painful,0
net sale finnish sanoma learn literature finnish medium group sanoma decrease january june totalling eur eur corresponding period,0
morgan expect scala lower nobel biocare growth forecast current guidance pct operate margin target current pct,0
furthermore sale new passenger car light commercial vehicle country decline year year month,0
profitability ebit compare,0
sale mid strength beer decrease,0
share royal sun alliance continue slide month high month potential suitor rule takeover bid,0
manage director comment net sale quarter notably low year especially finland russia baltic country,0
adp news feb finnish retailer kesko oyj hel kesbv today total sale exclude value add tax vat stand eur million usd january year yea,0
quarter fiscal efore swing net loss eur versus net profit eur corresponding period fiscal,0
konecranes oyj kcr fall percent euro big fall june,0
operate loss total eur compare profit eur corresponding period,0
production level agree producer long time ago fall consumption lead loss,0
return investment roi compare half,0
total passenger ship journey place northern baltic sea slightly,0
finnish medium group talentum issue profit warning,0
finnish shipping company finnline pretax loss total eur quarter compare profit eur quarter,0
finland city forssa pay compensation food industry company ruokatalo atria lye leak tap water occur march,0
acando acanb fall percent kronor low close dec,0
accord ceo matti perkonoja parent company hkscan company performance quarter remain clearly level corresponding period,0
dilute earning share eps stand eur versus eur,0
finnish automation solution developer cencorp corporation omx helsinki cnc issue thursday september profit warning quarter,0
finnish communication electronic component supplier scanfil oyj tuesday sale half low period year ago,0
finnish technology company raute corporation omx helsinki rutav issue tuesday september profit warning financial year,0
company operating loss total eur compare profit eur,0
year million passenger fly airline percent,0
loss financial item total eur compare profit eur corresponding period,0
loss period total eur compare profit eur,0
operate loss eur half compare profit eur half,0
operate loss pulp paper machinery unit eur september august compare profit eur year early,0
operate loss total eur compare profit eur corresponding period,0
operate loss total eur compare profit eur,0
operate loss total eur compare profit eur half,0
operate loss total eur compare profit eur second quarter,0
operate loss total eur compare loss eur corresponding period,0
pretax loss total eur compare loss eur corresponding period,0
pretax loss total eur compare profit eur,0
pretax loss total eur compare loss eur corresponding period,0
publish sweden operating loss eur compare profit eur year ago,0
company report today operating loss eur net sale eur quarter,0
cerberus capital management print paper maker newpage corp post mixed second quarter result cast cloud plan initial public offering,0
finnish electronic manufacturing services ems company elcoteq post net loss mln euro mln half compare net profit mln euro mln period,0
finnish laboratory liquid handling diagnostic test systems developer biohit oyj omx helsinki biobv issue tuesday june profit warning financial year,0
finnish retail software developer aldata solution oyj report net loss mln euro mln versus net profit mln euro mln,0
finnish textile clothing group marimekko oyj post net profit mln euro mln compare mln euro mln,0
january june dilute loss share stand eur versus eur half,0
october upm report quarter net loss euro million million compare net profit euro million,0
operate loss eur compare profit eur second quarter,0
operate loss non recur item eur compare profit eur,0
operate profit margin compare year early,0
operating profit eur compare eur,0
operating result loss eur year profit eur,0
salcomp oyj finnish maker mobile phone charger monday post eur million loss second quarter compare million profit period previous year,0
scanfil issue profit warning,0
scanfil issue profit warning april,0
operating loss eur compare profit eur year early,0
real estate company post net loss million share compare net profit million share corresponding quarter,0
tietoenator pct extend recent low week second quarter report dealer,0
uncertainty cloud long term outlook,0
october finnish environmental management company lassila tikanoja oyj hel lat monday expect operating profit exclude non recur item slightly low,0
accord finnish petrol station chain manage director kim wiio company force purchase rise price half consumer price daily competition,0
finnair cancellation flight cause daily loss million million,0
food sale total eur october represent decrease october,0
raute report loss share eur half eps eur corresponding period,0
trigger weak demand forestry equipment uncertain market situation,0
situation coated magazine printing paper continue weak,0
copper lead nickel drop hbos hbo plummet penny year,0
strike finnair estimate incur net loss eur eur day,0
earning share eps drop eur eur,0
finnair passenger load factor measure number sell seat share available seat drop percentage point september,0
frost sell share million share compare friday high low,0
glaston net profit quarter drop mln euro mln mln euro mln corresponding period,0
net profit drop eur million eur million,0
lassila tikanoja operating profit exclude non recur impute item second quarter eur eur year ago,0
net cash flow operating activity negative eur compare eur corresponding period,0
net cash operating activity negative eur compare eur,0
net sale drop year year eur million,0
net sale eat weak dollar,0
nordic bank write sizable loan latvia swedbank nordea dnb seb report combined loss excess billion period backdrop near economic meltdown latvia,0
okmetic expect net sale half,0
operate profit exclude non recur item total eur eur corresponding period,0
operate profit exclude non recur item total eur eur,0
operate profit exclude non recur item total eur eur corresponding period,0
operate profit exclude non recur item eur eur year year,0
operate profit exclude non recur item eur million compare eur million,0
relation city far damage comment ashley criticise city investor analyst cry baby,0
report operating margin negative,0
swedbank share hard hit swedish bank ongoing international financial crisis,0
currency effect pct mln euro mln negative impact revenue,0
period sale drop eur million eur million accord interim report release today,0
company result remain weak,0
vaisala net profit quarter drop mln euro mln mln euro mln period,0
implementation program negative impact earning meiklejohn,0
survey conduct taloustutkimus sampo life company badly prepared lose key staff member,0
agricultural newspaper maaseudun tulevaisuus reader represent decrease,0
cet arcelormittal lose eur euronext paris come lead blue chip faller,0
cash flow operation january december negative eur compare eur corresponding period,0
eps drop eur eur,0
kone share drop percent helsinki,0
commission early fine thyssenkrupp united technologies corp otis schindler kone oyj total mln eur alleged cartel activity lift market year,0
period sale drop eur eur accord interim report release today,0
yit lodge counter claim neste oil total eur primarily base work carry contract additional cost incur prolongation project,0
tallink silja attribute significant drop problem booking system operation october sale trailer ferry sky wind route stockholm riga win passenger helsinki stockholm route,0
adjustment fall price level contrast effective,0
march goldman sach estimate negative prospect norwegian mobile operation norway telenor asa osl tel sweden teliasonera sto tlsn short term,0
base quarter result existing order backlog new order prospect company expect year sale contract gross margin stay healthy level operating profit margin low low sale volume,0
finnair believe strike cause daily net loss excess eur cancel reservation passenger route,0
helsinki thomson financial share close little change cargotec huhtamaki drop sharply disappointing second quarter report,0
airline estimate cancellation flight closure european airspace process recommence traffic cause company loss eur include cost strand passenger accommodation,0
ruukki group calculate lose eur fail project,0
samsung currently occupy place lose ground quarter drop share overall,0
baltimore police fire pension billion lose million madoff ponzi scheme,0
small firm suffer moment likely money trouble add,0
dealer share largely hit investor disappointment refining margin usd barrel quarter performance shipping unit ebit drop mln eur mln eur year amid fall volume tanker rate,0
matter difficult company grapple high oil gas price push cost energy raw material transportation,0
result burden increase fix cost associate operation china restructure cost japan,0
early today geberit finnish rival uponor oyj cut year sale growth forecast pct pct blame tough condition germany currency factor,0
operate loss total eur profit eur,0
group operating loss eur profit eur,0
finnish national carrier net loss april june euro million net profit euro million year early,0
generate operating loss eur profit eur,0
net sale period expect fall year result non recur item expect red,0
finland bank àland report operating profit fall eur second quarter eur second quarter,0
budapest august mti finnish electronics maker elcoteq lay worker plant pecs hungary end september fall order communication director elcoteq local unit zoltan krippl tell mti monday,0
earning share decrease eur eur,0
finnair tallinn base subsidiary aero carry passenger decline route helsinki baltic capital southern finland,0
adpnews aug finnish medium group ilkka yhtyma oyj hel ilk today net profit fall year eur million usd half,0
operate profit low outlook publish early,0
operate profit continue operation fall eur eur half,0
revenue quarter total billion percent billion fourth quarter,0
sampo bank market share lending quarter,0
sanoma news advertising sale decrease year,0
finnish bank àland report operating profit fall eur quarter eur quarter,0
finnish bank àland report operate profit eur quarter eur corresponding period,0
finnish electronics contract manufacturer scanfil report net sale eur eur,0
finnish electronics contract manufacturer scanfil report net sale eur second quarter eur year early,0
finnish exel composite technology company design manufacture market composite profile tube industrial application report net sale decrease second quarter eur eur corresponding period,0
finnish geosentric net sale decrease eur january march,0
finnish kemira net sale eur decrease eur january june eur january june,0
finnish plumbing heating system supplier uponor net sale continue operation decrease eur eur,0
finnish plumbing heating system supplier uponor net sale continue business operation decrease eur july september compare eur quarter,0
finnish scanfil contract manufacturer system supplier communication industrial electronic report net sale eur half eur year early,0
finnish scanfil system supplier contract manufacturer communication sector electronic industry report net sale total eur half eur half,0
finnish shipping company finnline grimaldi group report net sale decrease eur january june eur corresponding period,0
cargo traffic fall year year tonne september,0
cash flow investment eur eur,0
coca cola market leader manufacturer market share corresponding period,0
comparable operating profit decrease eur eur corresponding period,0
consolidated operating profit continue operation decrease eur eur,0
consolidated pretax profit decrease eur eur,0
device volume area decrease unit,0
dilute earning share eps decline eur eur,0
eur august finnish medium group ilkka yhtyma oyj hel ilk today net profit fall year eur half,0
earning share eps eur eur,0
earning share decrease eur eur,0
earning share half eur eur year ago,0
finnair total traffic decrease term revenue passenger kilometre,0
finnish business software group affectogenimap oyj net profit halve mln euro mln month mln euro mln period,0
finnish financial software solution developer basware oyj net profit fall euro mln quarter mln euro mln year early,0
finnish glass technology company glaston oyj abp net profit decrease mln euro mln month mln euro mln period,0
finnish management software solution provider ixono oyj net profit decrease euro quarter euro mln period,0
finnish medium company talentum oyj net profit decrease mln euro mln quarter mln euro mln period,0
finnish metal product company componenta oyj net profit slightly mln euro mln half mln euro mln period,0
separate announcement helsinki stock exchange atria reveal company quarter profit decline eur quarter year eur year,0
fourth quarter net sale decrease eur eur fourth quarter,0
insurer axa par slide eur citigroup ing slash target stock,0
adp news feb finnish wood product technology supplier raute oyj hel rutav today net profit decrease eur million usd eur million,0
adp news feb finnish construction company lemminkainen oyj hel lem today net profit decrease eur million usd eur million,0
adp news feb finnish broadband datum communication system solution company teleste oyj hel tlt today net profit decrease eur million usd eur million,0
adp news jan finnish mobile phone maker nokia oyj omx nok today operating profit decrease eur billion usd eur billion,0
adpnews finnish cutlery hand tool maker fiskar oyj abp hel fisas today net profit decline eur million usd quarter eur million correspond,0
market share decrease route helsinki finland tallinn estonia percentage point,0
net profit fall half million million end,0
net profit month march fall million million million year early finnish company,0
net sale decrease eur eur corresponding period,0
net sale decrease eur eur corresponding period,0
net sale fall quarter eur,0
net sale fall previous accounting period,0
net sale kyro main business area glaston technology manufacturer glass processing machine decrease eur eur january september,0
operating profit fall eur second quarter eur second quarter,0
operating profit fall eur eur,0
operating profit fall eur eur,0
operating profit fall eur eur,0
operating profit fall eur eur quarter,0
orion net profit quarter decrease mln euro mln mln euro mln year early,0
pretax profit decrease eur eur,0
pretax profit decrease eur eur fourth quarter,0
pretax profit total eur eur,0
price delivery volume broadband product decrease significantly,0
profit period total eur eur corresponding period,0
profit period total eur eur quarter,0
revenue quarter fall percent euro billion compare year early,0
srv lower net sale estimate uncertainty housing sale,0
stora enso oyj second quarter result fall half compare period,0
subscription sale decrease slightly,0
company confirm estimate low revenue year ago eur interim report august,0
department store division sale fall eur,0
fair value company investment property eur billion end eur billion year early,0
fair value company investment property eur end september eur year early,0
group order portfolio decrease eur eur,0
net sale decrease eur million eur million,0
sale tiimari segment fall year year eur june,0
finnish electronics contract manufacturer scanfil net sale eur quarter eur year,0
alma medium operating profit eur eur year early,0
commission income decrease eur compare eur quarter,0
commission income fall eur eur corresponding period,0
export decline percent million liter,0
export good fall import,0
finnish developer manufacturer mobile phone charger salcomp plc omx helsinki sal wednesday november lower year net sale estimate,0
finnish investment group norvestia oyj net profit fall mln euro mln mln euro mln,0
group ebit half eur fall short eur post period,0
company net profit quarter eur million eur million corresponding period,0
company net profit quarter eur eur corresponding period,0
net sale decline eur million eur billion,0
food trade sale eur decline,0
january november group sale total eur drop period,0
july september konecrane sale decrease eur eur july september,0
sale volume coca cola market share decrease,0
september market decline percent year year million liter,0
baltic country sale fall russia term euro term local currency,0
baltic country sale fall,0
nokia share hit euro friday percent start year slow introduction touch screen model,0
operating profit decrease eur eur,0
operating profit decrease nearly eur,0
operating profit fall eur eur second quarter,0
operate profit fourth quarter fall eur eur year early,0
operate profit total eur eur corresponding period,0
operate profit total eur eur corresponding period,0
operate profit total eur eur,0
operate profit total eur eur quarter,0
operate profit total eur eur year early,0
operate profit total eur eur half,0
operate profit total eur eur year,0
operating profit eur eur,0
profit period eur eur,0
revenue slightly million million compare million year early,0
sale seppala diminish cent,0
talentum net sale september small expect,0
company profit total year year,0
company sale month end march slide eur eur year,0
operate margin come,0
operate margin aker yard cruise ferries division quarter,0
total capital fund manage bank decrease eur end september,0
upm stock fall percent euro early afternoon trading helsinki,0
yit baltic sale quarter total million euro represent drop percent year year,0
demand fireplace product low expect especially germany,0
order receive period review fall quarter quarter eur million record second quarter,0
announcement push freenet share eur frankfurt trade eur investor hope united internet drillisch pursue takeover breakup freenet,0
accord company addition normal seasonal fluctuation market situation weaken autumn,0
change market situation tough price competition substantially reduce demand bread packaging manufacture kauhava plant accord company,0
building home improvement trade sale decrease total eur,0
building home improvement trade net sale total eur eur year early,0
building home improvement trade sale decrease eur,0
finnish suominen corporation wipe nonwoven flexible packaging expect change market situation reduce sale suominen nonwoven wet wipe previously estimate volume,0
net sale fiscal year low operating profit estimate negative,0
sale unit slump year industry hit poor snowfall major resort winter,0
steelmaker drop profit explain continue economic uncertainty mix current drought bank lending result decline demand product customer find increasingly difficult fund operation,0
upm kymmene corp world large maker magazine paper tuesday report percent profit drop low paper price high cost strong euro hurt revenue,0
finnish meat company atria long promise sufficient domestic beef customer,0
capital expenditure energy efficiency unfortunately fall decline economy,0
rapid decrease net sale personnel reduction carry wide scale initially expect,0
finnish waste management cleaning group lassila tikanoja oyj net profit mln euro mln mln euro mln,0
qualcomm estimate quarter profit cent share exclude certain item analyst estimate cent share,0
operate margin slip drag poor performance enterprise solution,0
external net sale printing business fall partly termination printing contract ilkka yhtyma print house print sector player hss media december fall print price,0
seven month sale ragutis control finnish brewery olvi decline percent million liter company hold percent market,0
omx helsinki index pct turnover mln eur,0
repeat operate profit report helsinki newsroom keyword tecnoman result,0
comparable operating profit total eur eur corresponding period represent net sale,0
finland hobby hall sale decrease international sale fall,0
baltic state company report net sale eur eur operative ebit eur eur,0
operate profit half glisten invest brand management team,0
sale finland decrease international sale decrease term euro term local currency,0
operate result month period decrease profit eur turnover decrease eur compare,0
helsinki thomson financial share cargotec fall sharply early afternoon trade cargo handle group post surprise drop april june profit overshadow large number new order receive month,0
london marketwatch share price end lower london monday rebound bank stock fail offset broad weakness ftse,0
operating profit fall eur eur include vessel sale gain eur,0
sale finland decrease january sale outside finland drop,0
